{"cameraMode":{"drawMode":0,"name":"Shaded","section":"Shading Mode"},"sceneLighting":true,"audioPlay":false,"sceneViewState":{"showFog":true,"showMaterialUpdate":true,"showSkybox":true,"showFlares":true,"showImageEffects":true,"showParticleSystems":true},"in2DMode":false,"pivot":{"x":-686.2235717773438,"y":-476.00177001953127,"z":1.1871907711029053},"rotation":{"x":0.20961615443229676,"y":-0.6739901304244995,"z":0.20872418582439423,"w":0.6769008636474609},"size":434.75286865234377,"orthographic":false}