{"cameraMode":{"drawMode":0,"name":"Shaded","section":"Shading Mode"},"sceneLighting":false,"audioPlay":false,"sceneViewState":{"showFog":true,"showMaterialUpdate":false,"showSkybox":false,"showFlares":true,"showImageEffects":true,"showParticleSystems":true},"in2DMode":false,"pivot":{"x":-43.76852035522461,"y":20.318809509277345,"z":-6.4884772300720219},"rotation":{"x":0.5205744504928589,"y":0.026138199493288995,"z":-0.015950078144669534,"w":0.8532627820968628},"size":0.8660253882408142,"orthographic":false}